ID,repo_url,issue_url,issue_node_id,issue_created_at,issue_updated_at,issue_state,issue_comments_count,comment_id,comment_url,comment_author,comment_created_at,comment_updated_at,comment_body,line_count,char_count,language,sentiment_label_manual
1,https://github.com/Aider-AI/aider,https://github.com/Aider-AI/aider/issues/800,I_kwDOJhC06c6On-Rt,2024-07-05T15:55:20Z,2026-02-11T02:37:17Z,OPEN,4,IC_kwDOJhC06c7ml87m,https://github.com/Aider-AI/aider/issues/800#issuecomment-3868708582,rs545837,2026-02-09T00:44:50Z,2026-02-09T00:44:50Z,"For what it's worth, I built a Git merge driver called [weave](<URL> that tackles part of this problem. It uses tree-sitter to parse code and merge at the function/class level instead of lines. This handles the common case where git produces false conflicts because two branches added to the same line range (different functions, same location). It doesn't do LLM-based semantic resolution (yet), but it eliminates most false positives. 31/31 clean merges vs git's 15/31 on concurrent edits. Plugs in as a standard git merge driver, works transparently with / / .",1,563,en,neutral
2,https://github.com/react/react-native,https://github.com/react/react-native/issues/27741,MDU6SXNzdWU1NDg0NTM4ODk=,2020-01-11T17:01:58Z,2026-02-12T15:21:20Z,OPEN,40,IC_kwDOAbrxp8503Plg,https://github.com/react/react-native/issues/27741#issuecomment-1960638816,fukemy,2024-02-23T02:07:29Z,2024-02-23T02:07:29Z,"can someone help me, stream not working with my IOS simulator : <URL>",1,69,en,neutral
3,https://github.com/warpdotdev/warp,https://github.com/warpdotdev/warp/issues/2703,I_kwDOFua7Vs5fRGLQ,2023-02-24T10:08:35Z,2026-06-06T22:53:39Z,CLOSED,49,IC_kwDOFua7Vs6UUkYt,https://github.com/warpdotdev/warp/issues/2703#issuecomment-2488419885,cyril94440,2024-11-20T12:10:14Z,2024-11-20T12:10:14Z,"Loosing time also on my side, hesitation between cursor and warp. Thanks for sharing some icons alternative!",1,108,en,positive
4,https://github.com/prisma/prisma,https://github.com/prisma/prisma/issues/2505,MDU6SXNzdWU2MjAzMDgzNTg=,2020-05-18T15:37:34Z,2026-06-04T02:01:50Z,OPEN,94,IC_kwDOC3_Qic5KnMIr,https://github.com/prisma/prisma/issues/2505#issuecomment-1251787307,andrewmclagan,2022-09-20T03:20:42Z,2022-09-21T01:24:37Z,"Looking at [their roadmap](<URL> This feature is literally not even on it anymore. The main frustration everyone here is voicing is a complete lack of communication and transparency. It's impossible for an organisation to commit trust in Prisma with any level of confidence. Pretty please Prisma, simply be better at communicating.",1,331,en,negative
5,https://github.com/bevyengine/bevy,https://github.com/bevyengine/bevy/issues/23354,I_kwDODf6-U87yyxP4,2026-03-13T21:05:20Z,2026-04-25T14:55:46Z,OPEN,9,IC_kwDODf6-U87yD3ng,https://github.com/bevyengine/bevy/issues/23354#issuecomment-4061100512,viridia,2026-03-14T18:57:19Z,2026-03-14T19:00:57Z,"I think a crate makes sense. A ""bevy-centric"" undo in the classic mode would probably look something like this: * A Resource with an undo stack and redo stack. * The Undo action pops an entry off of the undo stack, consumes it, and produces a redo action, plus side effects. * The inverse for the Redo action. * The actions themselves are maybe something like ECS Commands? It's hard to say what they will need access to. * Each action has a method which returns a text label for the UI. You can look at the top of the undo or redo stack to get the label, or None if the stack is empty. Coalescing is going to be a challenge because of type erasure. In an app where the possible undoable actions are a closed set, you can represent undo actions with an enum and then just to a match. But because we want the editor to be open-ended, we can't model the actions with an enum; so this means that undo actions need to be downcastable in order to determine whether the top-of-stack action can be merged with the next action. For the nested modality question, I'd do the easiest possible thing, which is to have two resources, each with their own undo and redo stack: AppUndo and TextUndo. TextUndo handles ctrl-z while a text input is focused, and can be used standalone even in apps that don't have AppUndo support. I said earlier that I didn't want to have separate undo frameworks for text input and for the bevy editor; but that statement only is true if the undo framework is non-trivial. If it's tiny and simple, then I don't care if there are two of them. Having an undo that just deals with text strings, and which is built in to text input, might yield significant complexity savings for devs who don't need a complex undo system.",1,1734,en,neutral
6,https://github.com/freeCodeCamp/freeCodeCamp,https://github.com/freeCodeCamp/freeCodeCamp/issues/55363,I_kwDOAbI7X86N2qYZ,2024-06-28T08:46:00Z,2026-03-17T04:35:46Z,OPEN,6,IC_kwDOAbI7X86DCvnj,https://github.com/freeCodeCamp/freeCodeCamp/issues/55363#issuecomment-2198534627,akshithere,2024-06-30T11:47:16Z,2024-06-30T11:47:16Z,Can i work on it? <USER>,1,24,en,neutral
7,https://github.com/zhayujie/CowAgent,https://github.com/zhayujie/CowAgent/issues/1137,I_kwDOHx-ACM5mlE6I,2023-05-23T01:49:26Z,2026-06-01T03:02:06Z,CLOSED,5,IC_kwDOHx-ACM8AAAABEYnZ6A,https://github.com/zhayujie/CowAgent/issues/1137#issuecomment-4589214184,zhayujie,2026-06-01T03:02:02Z,2026-06-01T03:02:02Z,"Thanks for reporting this! This issue has had no activity for over a year and predates our major rewrite, so we're closing it during a backlog cleanup. 🚀 **[CowAgent](<URL> has been upgraded to 2.0** — an open-source super AI assistant & agent harness. It plans tasks, runs tools and skills, and autonomously grows with memory and a local knowledge base. Multi-model, multi-channel, lightweight, extensible, one-line install. If your need still applies to the new version, we'd love to hear it — feel free to open a fresh issue. ❤️ --- 感谢反馈！此 issue 一年多没有活动，且属于项目大版本重构之前的时期，我们在清理历史 backlog 时将其关闭。 🚀 **[CowAgent](<URL> 已升级到 2.0**，升级为开源的超级 AI 助手 & Agent Harness 框架。能规划任务、调用工具与技能，并通过记忆和本地知识库自主成长。多模型、多渠道，轻量、可扩展，一行命令安装。 如果你的需求在新版本上依然适用，欢迎新建一个 issue 告诉我们 ❤️",1,751,en,positive
8,https://github.com/milvus-io/milvus,https://github.com/milvus-io/milvus/issues/48633,I_kwDODHDyxM74oYX9,2026-03-30T14:41:07Z,2026-04-10T22:05:02Z,OPEN,6,IC_kwDODHDyxM7787yA,https://github.com/milvus-io/milvus/issues/48633#issuecomment-4227054720,xiaofan-luan,2026-04-10T22:04:24Z,2026-04-10T22:04:24Z,"I will definitely take a look and we need to do thorough test before merge., Thanks for the contribution.",1,105,en,neutral
9,https://github.com/sveltejs/svelte,https://github.com/sveltejs/svelte/issues/8655,I_kwDOBG2gSc5nFoBx,2023-05-28T15:39:06Z,2026-06-09T10:35:06Z,OPEN,10,IC_kwDOBG2gSc6m0-jU,https://github.com/sveltejs/svelte/issues/8655#issuecomment-2798905556,kyle-leonhard,2025-04-12T16:55:43Z,2025-04-12T17:22:34Z,"Thanks for the detailed reply and advice, <USER>. As far as I can tell, I don't have a circular dependency, but I'll look more closely. My situation (<URL> * +page.svelte calls setContext<Foo>(Foo, foo) * componentA.svelte instantiated on the page calls getContext<Foo>(Foo) and access field in the component script * componentB.svelte instantiated by componentA calls getContext<Foo>(Foo) and access field in the component script What happens: * Edit +page.svelte and trigger HMR - things work * Edit componentA.svelte and trigger HMR - the context returned by getContext is undefined and thus accessing field bar fails * Edit componentB.svelte and trigger HMR - the context returned by getContext is undefined and thus accessing field bar fails I don't have any further detailed info to provide. Feel free to close the issue!",1,827,en,neutral
10,https://github.com/cypress-io/cypress,https://github.com/cypress-io/cypress/issues/25864,I_kwDOAeKht85etgaj,2023-02-17T08:57:22Z,2026-02-02T22:47:57Z,CLOSED,16,IC_kwDOAeKht85VuOMw,https://github.com/cypress-io/cypress/issues/25864#issuecomment-1438180144,matys84pl,2023-02-21T09:54:42Z,2023-02-21T09:54:42Z,"<USER> we've tried different docker images but without any results. We still get the error. I tried using and as you suggested but no luck also. <USER> unfortunately I cannot. We've tried so many things to actually track it down, but couldn't find a single reason for it... we're at the stage of basically .skip(ing) every instance of it.. but it keeps returning on new (random) tests. Regarding our usages of : - we have a quite large number (~100) of intercepts in - all of them now being simple or - yes, we have cases where we intercept the same request again in test body - we don't have any - nothing unique (everything unique was already removed to fix the issue...) - we use - yes, we use Parallelization but it also fails if we run a single job IMHO, at this point, we really need a very detailed log that could tell us: - which exactly intercept (if this is really because of it) caused this .next error - why it's trying to call .next and why it called .next previously If you could provide us a version with very detailed log I'm happy to run it and post the results here immediately.",1,1096,en,negative
11,https://github.com/coollabsio/coolify,https://github.com/coollabsio/coolify/issues/8154,I_kwDOE9dbMc7obuOI,2026-02-05T04:35:03Z,2026-02-19T21:24:57Z,CLOSED,61,IC_kwDOE9dbMc7l2EzG,https://github.com/coollabsio/coolify/issues/8154#issuecomment-3856157894,Saksham321,2026-02-05T20:56:19Z,2026-02-05T20:56:19Z,"Implementation Plan: Debian 13 Server Validation in Coolify 1. Analyze Current Server Validation Flow Review the existing server onboarding/validation logic in Coolify (SSH connection, OS detection, prerequisite checks). Identify where OS detection is performed (e.g. <PATH> lsb_release, or similar). Confirm how Coolify currently validates supported distributions and versions. 2. Detect Debian 13 Reliably Extend the OS detection logic to explicitly recognize Debian 13. Parse <PATH> values: ID=debian VERSION_ID=""13"" (or 13.x) Ensure detection is resilient to minor version differences and future point releases. 3. Update Supported OS Validation Rules Add Debian 13 to Coolify’s list of supported operating systems. Ensure the validation logic: Accepts Debian 13 Rejects unsupported Debian versions with a clear error message Keep the validation logic extensible for future Debian releases. 4. Verify System Dependencies on Debian 13 Confirm all required dependencies (Docker, curl, wget, sudo, systemd, etc.) are available and compatible on Debian 13. Update any install scripts or dependency checks if package names or installation steps differ from Debian 12. Validate Docker installation method recommended by Coolify works correctly on Debian 13. 5. Adjust Provisioning Scripts if Needed Review bootstrap/provisioning scripts for: Hardcoded Debian version checks Deprecated repositories or commands Update scripts to ensure smooth provisioning on Debian 13 without regressions for existing supported OSes. 6. Testing Strategy Test server connection and validation on: Fresh Debian 13 installation Existing supported Debian version (e.g. Debian 12) to avoid regressions Validate: Successful OS detection Successful dependency installation Successful server registration in Coolify 7. Error Handling & User Feedback Ensure validation errors clearly state: Detected OS Why the server is rejected (if applicable) Provide actionable guidance for users running unsupported systems. 8. Documentatio",1,2000,en,neutral
12,https://github.com/opencv/opencv,https://github.com/opencv/opencv/issues/24491,I_kwDOAE3xU851xeCc,2023-11-03T10:41:33Z,2026-05-28T18:47:59Z,OPEN,25,IC_kwDOAE3xU86T_3Rh,https://github.com/opencv/opencv/issues/24491#issuecomment-2482992225,CSBVision,2024-11-18T13:04:41Z,2024-11-18T13:04:41Z,"Actually, we think we succeeded in implementing a solution that is based on modifying alone, i.e. which does not require any breaking changes, neither with the encoders/decoders nor the callers that read or write images. Our solution addresses the following major issues: 1. Open the file only once, i.e. avoid a dedicated call only to resolve the decoder. 2. Avoid redundancies / code duplicates between and functions. 3. Add full unicode support by using , which requires C++ 17 support (if C++ 17 is not available, unicode support remains platform-specific). Before creating a PR, we would like to discuss the changs first because a line-by-line review is not really helpful. Our main changes can be summarized as: 1. As now depends on , we moved the deocode/encode functions up such that they are callable by . 2. Adding a function that resolves the path, including unicode support if C++ 17 is available. 3. Adding a function that reads the whole file content, including resolving of unicode paths using . 4. Now, basically only reads the file content and calls therefter. Additionally, the filename is forwarded to because there could be decoders that require explicit writing of a temporary file, still currently this only holds for the gdcm decoder (as discussed above). As long as there is no additional stream API for the decoders, it is more efficient to pass the filename to the decoder instead of writing the file content into a temporary file. The latter is only used if not passed by the caller, e.g. encoding from external buffers, keeping the current behavior. 5. Slightly optimize the decoding process: First, cache the maximum signature length inside to only query this once from all decoders. Second, add the most commonly used decoders (PNG, JPG, TIFF) first such that in most cases, one of the first queries is correct. 6. takes an OutputArray instead of a Mat and includes the type check previously implemented in . Alternatively, is only allowed to take a Mat but not an Outpu",1,2000,en,positive
13,https://github.com/tensorflow/tensorflow,https://github.com/tensorflow/tensorflow/issues/63062,I_kwDOArmXAs6AhD0b,2024-02-27T09:52:15Z,2026-05-19T02:22:39Z,CLOSED,6,IC_kwDOArmXAs51MaSr,https://github.com/tensorflow/tensorflow/issues/63062#issuecomment-1966187691,Sehun0819,2024-02-27T10:00:07Z,2024-02-27T10:00:25Z,"In release build, we can observe an unstable intermediate tensor with invalid dims([gist](<URL> <CODE>",1,102,en,neutral
14,https://github.com/microsoft/terminal,https://github.com/microsoft/terminal/issues/20056,I_kwDOBfbO8M76NSJv,2026-04-03T01:43:41Z,2026-04-29T19:20:05Z,OPEN,7,IC_kwDOBfbO8M764gVF,https://github.com/microsoft/terminal/issues/20056#issuecomment-4209116485,DHowett,2026-04-08T19:42:24Z,2026-04-08T19:42:24Z,"There's definitely something weird here. Thinking about it for only a few seconds (sorry, haven't paged in all our history here):I am not certain that we should allow Terminal to run in the background with no windows _without_ a tray icon. We're not an APT after all; we should indicate to the user somehow that we're still running. We'll also add a item to that menu for anybody who gets stuck in this state. I vaguely recall historically deciding that we should always show a tray icon if the quake window was around. I don't know if we went back on that at one point. 🤔",1,572,en,positive
15,https://github.com/makeplane/plane,https://github.com/makeplane/plane/issues/5059,I_kwDOIdx9Rs6Or4Pk,2024-07-07T02:45:36Z,2026-03-05T06:01:48Z,OPEN,7,IC_kwDOIdx9Rs7lvLvf,https://github.com/makeplane/plane/issues/5059#issuecomment-3854351327,PaulFreund,2026-02-05T15:21:15Z,2026-02-07T20:25:46Z,"As a workaround I created a patched <PATH> with the following patch: <CODE> And linked it into the plane-api docker container with: <CODE> After that users were able to log in. EDIT2: A previous version also patched <PATH> but I mixed preview and stable by accident. After the fix in <PATH> I noticed the invites did not allow going through the onboarding, so the patch is bigger now",1,383,en,neutral
16,https://github.com/ueberdosis/tiptap,https://github.com/ueberdosis/tiptap/issues/6147,I_kwDOCKucfc6sMCJJ,2025-03-01T11:31:05Z,2026-02-20T22:15:07Z,CLOSED,5,IC_kwDOCKucfc7pt49_,https://github.com/ueberdosis/tiptap/issues/6147#issuecomment-3921121151,bdbch,2026-02-18T14:23:06Z,2026-02-18T14:23:13Z,When using React you should not use the BubbleMenu extension manually. The extension is only relevant if you use vanilla JS. The menus in React and Vue are owned by the React and Vue components so the right approach is just to use the prop on each component. Is this issue relevant to anyone on Vanilla JS?,1,306,en,neutral
17,https://github.com/react/react-native,https://github.com/react/react-native/issues/54133,I_kwDOAbrxp87Q9B1X,2025-10-11T11:19:32Z,2026-01-19T07:34:42Z,CLOSED,6,IC_kwDOAbrxp87cEc8Z,https://github.com/react/react-native/issues/54133#issuecomment-3692154649,react-native-bot,2025-12-26T05:27:31Z,2025-12-26T05:27:31Z,This issue is waiting for author's feedback since 24 days. Please provide the requested feedback or this will be closed in 7 days.,1,130,en,negative
18,https://github.com/moby/moby,https://github.com/moby/moby/issues/2259,MDU6SXNzdWUyMTEzMjk5OQ==,2013-10-17T05:13:47Z,2026-02-19T11:39:39Z,OPEN,240,MDEyOklzc3VlQ29tbWVudDIyMTcxMDYyMA==,https://github.com/moby/moby/issues/2259#issuecomment-221710620,cpuguy83,2016-05-25T21:18:23Z,2016-05-25T21:18:23Z,"Not sure if this is what you are asking but... <CODE> Build above image named as ""test"" <CODE> Both and in the above example would be owned by 1000:1000",1,152,en,negative
19,https://github.com/ytdl-org/youtube-dl,https://github.com/ytdl-org/youtube-dl/issues/29047,MDU6SXNzdWU4OTIzOTk2MjU=,2021-05-15T09:30:30Z,2026-06-11T22:11:53Z,OPEN,6,MDEyOklzc3VlQ29tbWVudDg0NDY5MjMwMg==,https://github.com/ytdl-org/youtube-dl/issues/29047#issuecomment-844692302,pukkandan,2021-05-20T04:54:21Z,2021-05-20T04:54:21Z,"<USER> I am not a maintainer of youtube-dl. So I can't say if this will ever be implemented. But, you should get what you want if you just remove from <URL> <CODE>",1,163,en,neutral
20,https://github.com/apache/echarts,https://github.com/apache/echarts/issues/16144,I_kwDOAIwqAM4_nNjf,2021-11-30T13:33:18Z,2026-05-03T12:01:37Z,OPEN,10,IC_kwDOAIwqAM46mve8,https://github.com/apache/echarts/issues/16144#issuecomment-983234492,xiaonaiquan,2021-12-01T02:52:08Z,2021-12-01T02:52:08Z,> You're welcome. Please let me know if you fix it,1,50,en,positive
21,https://github.com/marktext/marktext,https://github.com/marktext/marktext/issues/2983,I_kwDOBpVI_M5DEID4,2022-02-06T09:41:32Z,2026-06-06T20:32:23Z,CLOSED,42,IC_kwDOBpVI_M5q46mJ,https://github.com/marktext/marktext/issues/2983#issuecomment-1793304969,johnblommers,2023-11-04T02:12:44Z,2023-11-04T02:12:44Z,"There's no need to use Homebrew. Download the release file version 0.17.1, mount the DMG, drag the MarkText app into the directory, right click over it and choose open. You may have to do this again. Then it works and you have the proper Apple Silicion edition working. Just tried this myself.",1,293,en,neutral
22,https://github.com/qbittorrent/qBittorrent,https://github.com/qbittorrent/qBittorrent/issues/6236,MDU6SXNzdWUyMDA4MTI1ODU=,2017-01-14T16:08:13Z,2026-03-29T18:14:03Z,OPEN,64,IC_kwDOADMlP85bpJMC,https://github.com/qbittorrent/qBittorrent/issues/6236#issuecomment-1537512194,MJCD,2023-05-07T18:29:53Z,2023-05-07T18:29:53Z,"Honestly after literally years of <this>.... Just use the portable version from <URL> -- their platform is battle tested and uses simple redirections of a single runtimes calls to the local file structures which matches identically with Windows. Not on windows? Check out port-apps on github -- they do some more involved work with said app, which is more likely to introduce unexpected issues, but... :shrug: - Michael On Mon, Feb 6, 2023 at 1:13 AM thalieht ***@***.***> wrote: > I need to transfer my qbittorrent settings over from one computer to > another. What's the best way how? > > #6236 (comment) > <<URL> > > — > Reply to this email directly, view it on GitHub > <<URL> > or unsubscribe > <<URL> > . > You are receiving this because you commented.Message ID: > ***@***.***> >",1,786,en,negative
23,https://github.com/scikit-learn/scikit-learn,https://github.com/scikit-learn/scikit-learn/issues/20952,MDU6SXNzdWU5ODg5MjIzODg=,2021-09-06T08:36:11Z,2026-04-08T16:44:10Z,OPEN,11,IC_kwDOAAzd1s5G5_lr,https://github.com/scikit-learn/scikit-learn/issues/20952#issuecomment-1189607787,wenfeiy-db,2022-07-19T22:20:01Z,2022-07-19T22:20:01Z,"> > Regarding what the estimators do by themselves, we're aware of that, but to keep Auto-sklearn as simple as possible we aim to only handle integer classes internally. So one could say that the Auto-sklearn estimator aims to do that internally and we just need to find a way how to provide the user with the internal models in case they want to see them. > > For a library, I really like the idea of separating out the logic for encoding the target and having models that only support integers internally. As for inclusion, I think there needs to be a use case besides encoding the target, because sklearn classifiers handles the encoding internally. <USER> Do you see another use case for besides encoding the target? From discussion <URL> if the target is string, then the workaround of using the existing won't work. Would this be considered a different use case? This became a problem because xgboost removes the label transform inside their sklearn interface since 1.6.0. See their release note (<URL> and the relevant PR (<URL>",1,1035,en,positive
24,https://github.com/photoprism/photoprism,https://github.com/photoprism/photoprism/issues/93,MDU6SXNzdWU0MDUwOTI1NDI=,2019-01-31T05:53:22Z,2026-03-01T12:38:06Z,OPEN,89,IC_kwDOBxo-6c56bVkS,https://github.com/photoprism/photoprism/issues/93#issuecomment-2053986578,DarkNeedle,2024-04-14T09:43:27Z,2024-04-14T09:43:27Z,There seems to be resistance to adding S3 support. It’s super easy to implement effectively. The resistance seems philosophical. This request has been open since 2019 and even then it was super easy to implement. Implement the feature and let users decide. I suppose I can fork this and just do the implementation myself. Or others can move to NextCloud or FileCloud for the feature. It’s ludicrous not to have S3 or similar storage option. Again resistance seems dev philosophy or knowledge impediment,1,502,en,negative
25,https://github.com/LizardByte/Sunshine,https://github.com/LizardByte/Sunshine/issues/4314,I_kwDOGiedss7OuLtV,2025-09-30T08:40:21Z,2026-01-16T14:22:30Z,CLOSED,40,IC_kwDOGiedss7U2nwu,https://github.com/LizardByte/Sunshine/issues/4314#issuecomment-3571088430,iguana31,2025-11-24T14:31:56Z,2025-11-24T14:31:56Z,"I didn't know that either. Thanks, <USER>, that' a nice workaround.",1,67,en,positive
26,https://github.com/typeorm/typeorm,https://github.com/typeorm/typeorm/issues/12013,I_kwDOAyVBJc7smDDK,2026-02-20T16:40:34Z,2026-03-07T11:38:57Z,OPEN,5,IC_kwDOAyVBJc7vX7-i,https://github.com/typeorm/typeorm/issues/12013#issuecomment-4016029602,lraveri,2026-03-07T09:05:01Z,2026-03-07T09:05:01Z,Should we consider using the built-in runner instead of introducing another dependency?,1,87,en,neutral
27,https://github.com/mermaid-js/mermaid,https://github.com/mermaid-js/mermaid/issues/1860,MDU6SXNzdWU3ODk2NTQ4NTc=,2021-01-20T05:42:58Z,2026-05-04T08:38:01Z,CLOSED,24,IC_kwDOAY2_J88AAAABBHBDRw,https://github.com/mermaid-js/mermaid/issues/1860#issuecomment-4369433415,knsv,2026-05-04T08:38:01Z,2026-05-04T08:38:01Z,"Hi <USER> — to clarify the scope here: Mermaid itself is a rendering library that produces a single SVG. Pan/zoom is a viewer-level concern, and that's where it has actually landed: - GitHub ships built-in pan/zoom for Mermaid blocks - Mermaid Live Editor and Mermaid Chart both have zoom controls - Obsidian, VS Code preview, and several others provide their own zoom UI on top of the rendered SVG For self-hosted pages where you control the markup, the standard recipe is to disable the width cap so the SVG renders at its natural size and is scrollable in its container: or per-diagram: If you want true pan/zoom (mouse wheel, drag, pinch), wrap the rendered SVG with a small library — svg-pan-zoom or <USER>'s svg-toolbelt (mentioned upthread) both work well with Mermaid output. So there isn't a ""patch release"" planned for this in core — it's intentionally left to the host. If you're hitting this in a specific environment (GitLab, a particular docs site, etc.), happy to look at that case specifically.",1,1010,en,neutral
28,https://github.com/serverless/serverless,https://github.com/serverless/serverless/issues/12808,I_kwDOAgtq6s6WngXz,2024-09-15T14:26:54Z,2026-02-13T15:11:45Z,CLOSED,4,IC_kwDOAgtq6s6p3EzA,https://github.com/serverless/serverless/issues/12808#issuecomment-2849787072,tomkat-cr,2025-05-05T02:55:53Z,2025-05-05T02:55:53Z,saved the day. Thanks,1,21,en,positive
29,https://github.com/ray-project/ray,https://github.com/ray-project/ray/issues/49342,I_kwDOBEmZvc6j1H95,2024-12-18T19:37:15Z,2026-06-06T12:48:32Z,OPEN,9,IC_kwDOBEmZvc6YHyWr,https://github.com/ray-project/ray/issues/49342#issuecomment-2552178091,alexeykudinkin,2024-12-18T20:09:48Z,2024-12-18T20:09:48Z,"<USER> ideally both, but at the very least we should show 10k most recent tasks",1,79,en,neutral
30,https://github.com/golang/go,https://github.com/golang/go/issues/70602,I_kwDOAWBuf86g5lPN,2024-11-27T18:36:51Z,2026-06-02T22:58:07Z,OPEN,61,IC_kwDOAWBuf86oBt0X,https://github.com/golang/go/issues/70602#issuecomment-2819022103,rhysh,2025-04-21T17:00:16Z,2025-04-21T17:20:56Z,"The 2025-04-03 failure has 199 samples where the test expects 200. It has 1 sample in , and 4 samples with other call stacks that correspond to . I suspect that the test is generating the full 200 contention events, and that one of them is being reported as . The alternative I had in mind was that was indicating to the test code that reportable contention was present and that the test should proceed, when the lock was not really in that state. I see a bug like that in <PATH>'s (which I'll fix), but it wouldn't explain the 2024-11-27 failure on linux/loong64, which would have been using <PATH> (prior to [CL 658455](<URL>",1,627,en,neutral
31,https://github.com/penpot/penpot,https://github.com/penpot/penpot/issues/8590,I_kwDOAugo2c7x5A9Z,2026-03-11T13:30:45Z,2026-05-26T10:24:06Z,OPEN,10,IC_kwDOAugo2c8AAAABDAnDvg,https://github.com/penpot/penpot/issues/8590#issuecomment-4496933822,BrutalBirdie,2026-05-20T09:46:07Z,2026-05-20T09:46:07Z,Hello <USER> Thanks for the in-depth response. We can add the important setting and see if this resolves the issue.,1,115,en,neutral
32,https://github.com/microsoft/terminal,https://github.com/microsoft/terminal/issues/19756,I_kwDOBfbO8M7j90he,2026-01-17T07:42:01Z,2026-05-07T14:55:28Z,CLOSED,4,IC_kwDOBfbO8M7ggKtt,https://github.com/microsoft/terminal/issues/19756#issuecomment-3766528877,homika482005,2026-01-19T05:55:45Z,2026-01-21T20:28:34Z,"Hi maintainers I’m a student contributor and I’d like to work on this issue. I can reproduce the bug on my system and noticed it is similar to #19444. Before starting implementation, I’d like to confirm: - Should the context menu use existing localized resources, or - Is a new localization hook required for the settings text box? Happy to share findings once I investigate further. Thanks!",1,391,en,neutral
33,https://github.com/microsoft/terminal,https://github.com/microsoft/terminal/issues/18784,I_kwDOBfbO8M6yJUHj,2025-04-11T14:10:28Z,2026-03-12T23:19:12Z,OPEN,5,IC_kwDOBfbO8M7H_rMX,https://github.com/microsoft/terminal/issues/18784#issuecomment-3355357975,ChristopherWalz,2025-10-01T08:49:16Z,2025-10-01T08:49:16Z,I still have this problem on Windows 10.,1,40,en,neutral
34,https://github.com/tailwindlabs/tailwindcss,https://github.com/tailwindlabs/tailwindcss/issues/15399,I_kwDOBlGyP86jU5g0,2024-12-14T22:11:08Z,2026-04-06T17:08:26Z,CLOSED,6,IC_kwDOBlGyP8753m3B,https://github.com/tailwindlabs/tailwindcss/issues/15399#issuecomment-4192103873,ichavesbr,2026-04-06T11:56:17Z,2026-04-06T11:56:17Z,"I'm using mac and had the same issue with my vite project. What worked for me was deleting <PATH> from the repo. Just in case I also added on .gitignore. No need to mess with node version. ""git rm --cached <PATH>"" git commit -m ""remove <PATH> from repo"" git push",1,262,en,neutral
35,https://github.com/docling-project/docling,https://github.com/docling-project/docling/issues/287,I_kwDOMT5TYM6dviu4,2024-11-09T19:55:13Z,2026-06-04T12:55:29Z,OPEN,43,IC_kwDOMT5TYM6lj9CM,https://github.com/docling-project/docling/issues/287#issuecomment-2777665676,jonhilgart22,2025-04-04T06:25:28Z,2025-04-04T06:25:28Z,Following! <URL> has some code to borrow here likely,1,52,en,positive
36,https://github.com/moby/moby,https://github.com/moby/moby/issues/13481,MDU6SXNzdWU4MTA1OTQ1NA==,2015-05-26T17:27:05Z,2026-03-25T16:04:16Z,CLOSED,102,MDEyOklzc3VlQ29tbWVudDIzNzU0MzQ3NA==,https://github.com/moby/moby/issues/13481#issuecomment-237543474,Frogging101,2016-08-04T12:52:44Z,2016-08-04T12:52:44Z,"Shouldn't this be a separate bug report? The original problem was that IPv6 was useless on production servers, due to the fact that there was no supported way to get a predictable, routable, DNSable IPv6 address. That issue has since been solved with the new ""docker network create"" and ""docker run --ip"" options, since it is now possible to statically assign a container its own IP address. ## IPv6 NAT is a valid, but different feature request, and I think it would be tidier to start with a fresh bug report for that one. John Brooks Sent from my BlackBerry PRIV with K-9 Mail. On August 4, 2016 8:35:19 AM EDT, Jonas Thiem notifications@<URL> wrote: > <USER> Nobody here argues NATv6 is the best solution for all use > cases. However, I think it has been sufficiently demonstrated there is > a need for NATv6 for some people - that doesn't mean you need to use > it, and certainly nobody wants NATv6 to be the only available solution > or an irreversible replacement that cannot be turned off for the > current behavior. > > For certain environments, especially smaller servers or laptops, NATv6 > would be a huge improvement over the current _sole available behavior_ > which is why it should be _an option_. That datacenters run better with > custom iptables instead of a NAT with fully customized routing > shouldn't come to anyone's surprise. > > --- > > You are receiving this because you were mentioned. > Reply to this email directly or view it on GitHub: > <URL>",1,1474,en,neutral
37,https://github.com/typst/typst,https://github.com/typst/typst/issues/2282,I_kwDODI8QW85yf8yG,2023-10-01T21:16:36Z,2026-03-12T17:32:26Z,OPEN,19,IC_kwDODI8QW86s9GQ9,https://github.com/typst/typst/issues/2282#issuecomment-2901697597,Dherse,2025-05-22T15:38:09Z,2025-05-22T15:40:00Z,<USER> I just updated the tracking issue with the change done in #5420 which added support for transparency gradient in PDF :) For any bugs please open a dedicated issue if one does not already exist.,1,200,en,positive
38,https://github.com/sharkdp/fd,https://github.com/sharkdp/fd/issues/612,MDU6SXNzdWU2MzM0NzM4NzA=,2020-06-07T14:44:25Z,2026-05-18T14:39:09Z,OPEN,68,MDEyOklzc3VlQ29tbWVudDY0ODYyMTI5NA==,https://github.com/sharkdp/fd/issues/612#issuecomment-648621294,kpym,2020-06-24T06:32:52Z,2020-06-24T06:36:51Z,"## The dilemma I think that for this issue and for #362 the question is: **Should behaves as ""general"" or ""git-style"" tool ?** What I mean by this is summarized in the following table | | general tool | git style tool | |:--------------|:-------------:|:-----------------------------------:| | examples | , | , | | ignore files | no | yes | | configuration | flags only | flags, files, environment variables | Actually is in between the two worlds. And respecting the ignore files without the configuration feature is bad, IMO. So should choose the red pill or the blue pill ;) ## My proposal Or may be we don't have to choose and we can have both. I think that : - should be a **general tool** (by default) - there should be a flag that makes it act in a ""git style"" - should be another compiled version from the same code but with different default behavior, that is equivalent to and heaving flag to switch it to ""general tool"". My arguments for creating the additional are the following: - it should be easy to make the automation tool to build two versions, one with option as default, the other with as default. - the alias solution discussed already in #362 is very ""shell specific"" : - there is no general alias that can work in all shells ( and included) - every time we download we should setup the aliases, so the advantage of ""no install, just download and use it"" is not valid any more - aliases are not working when you wan to make a general script (let's say in python) using - this solve the backward compatibility with ignore files as any user can decide simply to switch to or even to rename fo and continue using it as before (respecting the ignore files by default) - this allows to solve not only this issue but also #362 and all other issues that ask to change the default behavior of (this would be done using the configuration file in ) - having both versions will make the supporters on both sides (""pro-general"" and the ""pro-git"") happy",1,1962,en,neutral
39,https://github.com/docker/compose,https://github.com/docker/compose/issues/2846,MDU6SXNzdWUxMzE5OTQxMDQ=,2016-02-07T18:11:44Z,2026-02-26T11:28:11Z,CLOSED,11,MDEyOklzc3VlQ29tbWVudDE4MTExNDQ2Mg==,https://github.com/docker/compose/issues/2846#issuecomment-181114462,ErikGrimes,2016-02-07T20:51:53Z,2016-02-07T20:51:53Z,"Ah, thanks! I learn something new everyday. Your solution works, but it requires remembering to create the database first, at least the first time around. I'm not sure that's unreasonable, but given that's something I do infrequently, it is something I'm likely to forget.",1,272,en,positive
40,https://github.com/microsoft/playwright,https://github.com/microsoft/playwright/issues/39688,I_kwDODTssw87zIEpf,2026-03-15T18:57:57Z,2026-03-16T22:06:10Z,CLOSED,3,IC_kwDODTssw87yOpjb,https://github.com/microsoft/playwright/issues/39688#issuecomment-4063926491,pavelfeldman,2026-03-15T21:27:29Z,2026-03-15T21:27:29Z,Could you please share the example where it is useful?,1,54,en,neutral
41,https://github.com/microsoft/terminal,https://github.com/microsoft/terminal/issues/3158,MDU6SXNzdWU1MDU5NDIxOTA=,2019-10-11T16:16:57Z,2026-05-15T16:51:35Z,CLOSED,192,MDEyOklzc3VlQ29tbWVudDU3OTA1MTI1Mw==,https://github.com/microsoft/terminal/issues/3158#issuecomment-579051253,LuanVSO,2020-01-28T02:31:57Z,2020-01-28T02:31:57Z,"> For the record, there's heated debate over in <URL> i commented it on the issue referenced in that pr too 😉",1,109,en,neutral
42,https://github.com/ventoy/Ventoy,https://github.com/ventoy/Ventoy/issues/2400,I_kwDODq7J885majuU,2023-05-20T17:41:08Z,2026-02-04T06:53:16Z,CLOSED,9,IC_kwDODq7J886n43Uy,https://github.com/ventoy/Ventoy/issues/2400#issuecomment-2816701746,steve6375,2025-04-19T13:10:26Z,2025-04-19T13:10:26Z,Well reserve less then,1,22,en,negative
43,https://github.com/tldraw/tldraw,https://github.com/tldraw/tldraw/issues/5185,I_kwDOFcy_JM6lctxi,2025-01-08T16:05:39Z,2026-02-14T23:05:44Z,CLOSED,5,IC_kwDOFcy_JM66AtU-,https://github.com/tldraw/tldraw/issues/5185#issuecomment-3120747838,Tshah-95,2025-07-26T00:09:06Z,2025-07-26T00:09:06Z,"Seconding this. Would be a huge boon to me as well while trying to build some workflows that automate sales activities. Right now im trying to make a generic component that can do web search, but since it isn't in TLDRAW i hosted an endpoint that i can hit which accepts a URL encoded prompt in the query string... But im having to manually generate that, then copy-paste it over into the data component :(",1,406,en,negative
44,https://github.com/freeCodeCamp/freeCodeCamp,https://github.com/freeCodeCamp/freeCodeCamp/issues/57107,I_kwDOAbI7X86do2Ms,2024-11-08T17:42:51Z,2026-03-17T16:59:18Z,CLOSED,12,IC_kwDOAbI7X86S9NCf,https://github.com/freeCodeCamp/freeCodeCamp/issues/57107#issuecomment-2465517727,a2937,2024-11-08T18:43:33Z,2024-11-09T20:54:26Z,"I'll create a list of everything I can find so that we can find a reason to remove them and have a list of challenges that could be altered . Here's the user cases I know about regarding the section. - To test the event listener like in the [rps-game workshop](<URL> - To capture the console log (which happens fairly often) like in the [trivia-bot](<URL> - To create a bunch of examples like in the [Rosetta code and Project Euler challenges](<URL> - I truthfully have no idea what's going on [in the code interview prep regarding the hash function](<URL> and this probably needs fixed? - It's being used to hide a bunch of HTML in the old [D3 challenges and earlier challenges](<URL> apparently. - It's being used to mimic the ReactDOMServer in this [old React challenge](<URL> As for the - Looks like it is creating variables for tests in the original [responsive web design curriculum and a Redux challenge](<URL> - It defines data in the original [JavaScript challenges](<URL> ? - It renders the [original React challenges](<URL> - It tests to see if campers are actually using the built in sort function in the [coding prep algorithms](<URL> - It appears to be simulating deepEquals in one of the [Coding Prep challenges](<URL> - It's adding an easy way of adding nodes to a Binary Search Tree and other data structures in the [Coding prep challenges](<URL> - It defines tests variables in the 22 version of the [Cash Register Project](<URL> to prevent hard coding . - It seems to be retrieving the return code for the [22 FCC leaderboard challenge](<URL> - It is also getting template contents in the [22 Calorie Counter](<URL> - It is resetting the rules state in the [22 Dice game](<URL> - It also creates test data in the [Project Euler Challenges and some Rosetta Code Challenges](<URL> Side note: [This](<URL> is huge and extremely impressive ASCII art. - It helps evaluate the user solution validity in the [Rosetta code Challenge](<URL> - In the [bookmark manager lab](<URL> , it appear",1,2000,en,neutral
45,https://github.com/react/react,https://github.com/react/react/issues/29034,I_kwDOAJy2Ks6IT-5H,2024-05-09T05:46:15Z,2026-04-26T21:09:15Z,OPEN,102,IC_kwDOAJy2Ks6PeFIb,https://github.com/react/react/issues/29034#issuecomment-2407027227,eps1lon,2024-10-11T09:36:23Z,2024-10-11T09:36:23Z,"> I tried this initially, but for some reason it wasn't working then. I can test it again! It won't work in <PATH> just yet. It should work in if you're familiar with how to work with that fixture.",1,197,en,negative
46,https://github.com/Kong/insomnia,https://github.com/Kong/insomnia/issues/6439,I_kwDOA2Q21M5v1Bao,2023-08-31T19:24:51Z,2026-03-27T09:14:32Z,OPEN,3,IC_kwDOA2Q21M5zWUg0,https://github.com/Kong/insomnia/issues/6439#issuecomment-1935231028,desmond-silveira,2024-02-09T02:07:55Z,2024-02-09T02:07:55Z,"It seems like request timeouts in general aren't working. My request timeout is configured with the default 30000 ms, but my requests are timing out in 16s. I'm using the desktop client for Mac.",1,194,en,neutral
47,https://github.com/hiyouga/LlamaFactory,https://github.com/hiyouga/LlamaFactory/issues/9282,I_kwDOJodxvs7R0JTR,2025-10-16T02:38:29Z,2025-12-17T00:29:50Z,CLOSED,43,IC_kwDOJodxvs7MdaxS,https://github.com/hiyouga/LlamaFactory/issues/9282#issuecomment-3430263890,kanqgg,2025-10-22T02:29:47Z,2025-10-22T02:29:47Z,"一样的环境和启动方法，为什么我的会出现这个错误，你们当时出现过吗，是怎么解决的？方便帮忙看一下吗 ValueError: Processor was not found, please check and update your model file.",1,126,en,neutral
48,https://github.com/mattermost/mattermost,https://github.com/mattermost/mattermost/issues/19362,I_kwDOAjtrA85B84WE,2022-01-18T05:00:10Z,2026-03-03T07:24:58Z,CLOSED,24,IC_kwDOAjtrA85XcYko,https://github.com/mattermost/mattermost/issues/19362#issuecomment-1467058472,nongpond03,2023-03-13T22:26:39Z,2023-03-13T22:26:39Z,"Hi <USER> Also, Should I add something like Fix #19363 into the description of my PR to let the system automatically close this issue when merged. I have got a notification that this ticket is stale. Thank you so much for helping me",1,232,en,positive
49,https://github.com/obsproject/obs-studio,https://github.com/obsproject/obs-studio/issues/3244,MDU6SXNzdWU2NzE4OTQ1NDM=,2020-08-03T08:20:27Z,2026-05-17T04:31:00Z,CLOSED,7,MDEyOklzc3VlQ29tbWVudDY2ODE2MzUyNQ==,https://github.com/obsproject/obs-studio/issues/3244#issuecomment-668163525,mtippett,2020-08-03T18:04:08Z,2020-08-03T18:04:08Z,"I'll be updating my system later this week to Catalina. So I'll be happy to have this closed as not-a-bug, although documentation indicating a floor version of macOS might be useful.",1,182,en,neutral
50,https://github.com/typeorm/typeorm,https://github.com/typeorm/typeorm/issues/10538,I_kwDOAyVBJc54wJ8r,2023-12-05T10:45:34Z,2026-05-22T18:19:34Z,CLOSED,9,IC_kwDOAyVBJc6NdlbY,https://github.com/typeorm/typeorm/issues/10538#issuecomment-2373342936,ertl,2024-09-25T07:59:23Z,2024-09-25T07:59:23Z,"I fully understand the issue. In our situation, we provide web applications to our customers, who then host them in their own environments using their own databases. Not all customers want to use the schema name we've predefined. Since the schema is configurable, I believe it should be dynamically adjustable as well. We use several different databases, and with Oracle and MSSQL, TypeORM doesn’t seem to adapt the schema in the scripts as expected. From a standardization perspective, it would be ideal if the schema were not included for PostgreSQL either.",1,559,en,neutral
51,https://github.com/zen-browser/desktop,https://github.com/zen-browser/desktop/issues/12721,I_kwDOLmfWBM7xqe3m,2026-03-10T22:00:38Z,2026-05-01T12:49:45Z,OPEN,7,IC_kwDOLmfWBM7w3ey0,https://github.com/zen-browser/desktop/issues/12721#issuecomment-4041075892,Dcfunkster,2026-03-11T18:00:58Z,2026-03-11T18:00:58Z,"I'm having this issue too. To narrow down the issue a bit more, I'm only having the issue if I select more than one space that aren't right next to each other in the list (e.g. selecting spaces 1, 4, and 5). Selecting two spaces next to each other seems to work for me. Also related? Changing the state of a bookmark (e.g. changing the space its in, or deleting it) doesn't take effect until you navigate away from the space you made the change and then back. MacOS 26.3.1 // Zen 1.19.2b",1,487,en,negative
52,https://github.com/psf/requests,https://github.com/psf/requests/issues/7085,I_kwDOABTKOs7XUlVY,2025-11-11T14:11:09Z,2025-12-19T12:04:46Z,CLOSED,4,IC_kwDOABTKOs7UdE4t,https://github.com/psf/requests/issues/7085#issuecomment-3564391981,apisik,2025-11-21T19:49:51Z,2025-11-21T21:36:29Z,"Hi I am seeing a similar issue! I work behind a corporate proxy and as such I normally use my own CA bundle. <CODE> When I run this using with the following versions and their dependencies: <CODE> everything works fine: <CODE> running the same script with with the following versions and their dependencies: <CODE> I get the following error traceback: <CODE> --- ### First Edit: Doing some more investigating, it appears if I downgrade from version -> it starts working. Maybe seeing what changed between the two might give better insight into what is happening. --- ### Second Edit: I did the diffing and it appears in python 3.13 stricter verification was added see below: added to <CODE> --- ### Third Edit It appears to be a me problem. Upon further investigation our corporate root certificates *may* be misconfigured? What I'm seeing in our certificate when I output it as text using <CODE> should be... ? (I ask this because I am unsure) <CODE>",1,951,en,neutral
53,https://github.com/RocketChat/Rocket.Chat,https://github.com/RocketChat/Rocket.Chat/issues/38722,I_kwDOAiNIRs7rJWrv,2026-02-15T22:59:30Z,2026-04-25T21:47:20Z,OPEN,5,IC_kwDOAiNIRs7o265q,https://github.com/RocketChat/Rocket.Chat/issues/38722#issuecomment-3906711146,himanshu2006,2026-02-16T06:36:00Z,2026-02-16T06:41:20Z,I was able to reproduce the issue and am working on a fix and will put a pr soon,1,80,en,neutral
54,https://github.com/logseq/logseq,https://github.com/logseq/logseq/issues/9160,I_kwDOD95dbc5j0KXr,2023-04-19T10:23:13Z,2025-12-25T00:15:39Z,CLOSED,5,IC_kwDOD95dbc7XdcWx,https://github.com/logseq/logseq/issues/9160#issuecomment-3614819761,github-actions,2025-12-05T00:15:25Z,2025-12-05T00:15:25Z,"Hi There! 👋 We haven't seen any activity on this issue in a while :sleeping:, and we just wanted to make sure that it's still relevant. If you're still experiencing this issue, you might find it helpful to update to the latest version of Logseq. The latest version includes bug fixes and new features that may help to resolve this issue, and you can download it from [our website](<URL> If updating to the latest version doesn't help, please let us know by adding a comment 💬. We're here to help! If the issue has been resolved or is no longer relevant, that's great news! 🎉 We'll go ahead and close this issue to keep our backlog organized. Please note that this issue will be closed automatically in 20 days if there is no further activity. If you need more time to resolve the issue or provide more information, please just let us know by adding a comment. Access additional [Logseq](<URL> 🚀 resources: - **Forum**: <URL> - **Blog**: <URL> - **Docs**: <URL> Thanks for your contributions to Logseq! If you have any other [**issues**](<URL> or [**feature requests**](<URL> please don't hesitate to [let us know](<URL> We always welcome pull requests too!",1,1156,en,positive
55,https://github.com/python/cpython,https://github.com/python/cpython/issues/131372,I_kwDOBN0Z8c6uZI7q,2025-03-17T17:04:43Z,2026-05-28T22:19:23Z,OPEN,7,IC_kwDOBN0Z8c7XT1DI,https://github.com/python/cpython/issues/131372#issuecomment-3612299464,vstinner,2025-12-04T13:34:56Z,2025-12-04T13:34:56Z,"> Another issue is that in both cases, the debug and non-debug files are installed to the same location, resulting in a single rewritten file. In case of our sequential build of 4 Pythons, we end up with just two files. Should they be stored in distinct locations for each build instead? We may do something similar to filename like including ABI tags. Example: * : default Python * <PATH>: debug build * etc.",1,409,en,neutral
56,https://github.com/cypress-io/cypress,https://github.com/cypress-io/cypress/issues/4084,MDU6SXNzdWU0MzkwNDg5MjU=,2019-05-01T02:28:04Z,2026-04-20T18:32:50Z,OPEN,25,IC_kwDOAeKht85ECHfT,https://github.com/cypress-io/cypress/issues/4084#issuecomment-1141405651,karlhorky,2022-05-30T18:36:20Z,2022-05-30T18:36:20Z,"<USER> now that #3762 has been closed (via PR #3930 and #6724), what is left to show the diff of deeply-nested objects? Is this planned for one of the next Cypress versions?",1,173,en,neutral
57,https://github.com/ansible/ansible,https://github.com/ansible/ansible/issues/66679,MDU6SXNzdWU1NTMzNTQzNTI=,2020-01-22T07:17:27Z,2026-02-19T14:00:02Z,CLOSED,9,MDEyOklzc3VlQ29tbWVudDYzMDI0ODQyMA==,https://github.com/ansible/ansible/issues/66679#issuecomment-630248420,ansibot,2020-05-18T15:11:40Z,2020-05-18T15:11:40Z,"Files identified in the description: * [ ](<URL> If these files are incorrect, please update the section of the description or use the bot command. [click here for bot help](<URL> <!--- boilerplate: components_banner --->",1,221,en,neutral
58,https://github.com/ollama/ollama,https://github.com/ollama/ollama/issues/4510,I_kwDOJ0Z1Ps6JUcBt,2024-05-18T04:05:07Z,2026-04-26T14:52:50Z,CLOSED,77,IC_kwDOJ0Z1Ps6BOxQP,https://github.com/ollama/ollama/issues/4510#issuecomment-2168132623,valckmir,2024-06-14T14:09:05Z,2024-06-14T14:09:05Z,"Please, add reranking models to Ollama. 🥺",1,41,en,positive
59,https://github.com/prometheus/prometheus,https://github.com/prometheus/prometheus/issues/16944,I_kwDOAGhaic7DIBXV,2025-07-29T13:27:46Z,2026-06-08T16:43:58Z,OPEN,23,IC_kwDOAGhaic66uJrV,https://github.com/prometheus/prometheus/issues/16944#issuecomment-3132660437,bwplotka,2025-07-29T13:57:06Z,2025-07-29T13:57:06Z,"> How could those headers help with partial write handling if it is unclear from them which samples were written? If I am sending series A, B, C, and B & C were written successfully, I'd like the headers to tell me that so that I could only retry sending A. At this point in time, the headers will only tell me that 2 series were written successfully out of 3. Could you explain that a little bit? Yes and great question <USER>! They help without that low level information. We started explaining why in our [proposal](<URL> but it could be expanded, I will make note to extend this point. TL;DR: It's already a huge improvement to know and decide what you want to do with the knowledge IF you are hitting partial write and in what capacity (how many samples) -- on both caller and receiver. It's not trivial (complexity, efficiency) to now communicate back what exactly was not sent and why. Imagine now doubling the network cost and writing/receiving on failures, risking cascading failures. Instead we propose that servers, on partial response, ask for retry with all samples, on fails with the partial ""retryable"" errors. The server needs to be idempotent as [described](<URL> even if it's a duplication failure for other samples in the batch (it's acceptable, but one could consider making duplicate sample a 200 e.g. in Thanos). Does this help?",1,1350,en,negative
60,https://github.com/ossu/computer-science,https://github.com/ossu/computer-science/issues/31,MDU6SXNzdWUxMDk3MDU1MDU=,2015-10-04T21:25:58Z,2026-05-06T07:10:54Z,CLOSED,685,MDEyOklzc3VlQ29tbWVudDE0NTU5MTA1NQ==,https://github.com/ossu/computer-science/issues/31#issuecomment-145591055,mmoorhead459,2015-10-05T16:27:27Z,2015-10-05T16:27:27Z,- **Name**: Michael a Moorhead - **GitHub**: [<USER>]() - **Twitter**: [<USER>]() - **Website**: [<URL> ## Completed Courses **Name of the Section** | Course | Files | | :-- | :-: | | Course Name | [link]() |,1,208,en,neutral
61,https://github.com/iina/iina,https://github.com/iina/iina/issues/5850,I_kwDOBJR0gc7eR1RF,2025-12-15T07:53:45Z,2026-04-07T20:19:06Z,OPEN,4,IC_kwDOBJR0gc7aDsfm,https://github.com/iina/iina/issues/5850#issuecomment-3658401766,charliejorge,2025-12-16T02:12:57Z,2025-12-16T02:17:58Z,"Thanks for looking into this! I wanted to add that I’ve since tried rolling back to IINA 1.3.5 and this older version doesn’t seem to have this issue even with the same preferences. Everything plays in the order expected. This isn’t ideal but hopefully will help finding a solution. Edit: Yes, you are correct. This happens for me whether clicking the UI to advance or letting IINA advance to the “next” file itself. The 1-10 example was me just trying to illustrate the issue but it happens no matter what the files are named, on my end.",1,538,en,positive
62,https://github.com/iina/iina,https://github.com/iina/iina/issues/5865,I_kwDOBJR0gc7ghf_o,2025-12-29T09:22:15Z,2026-04-30T08:25:30Z,CLOSED,13,IC_kwDOBJR0gc8AAAABA0pfgw,https://github.com/iina/iina/issues/5865#issuecomment-4350173059,Robio,2026-04-30T06:28:31Z,2026-04-30T06:28:31Z,Just downloaded 1.4.2. SOOO happy! Thanks <USER>,1,48,en,positive
63,https://github.com/scikit-learn/scikit-learn,https://github.com/scikit-learn/scikit-learn/issues/5212,MDU6SXNzdWUxMDQ4ODA0OTA=,2015-09-04T12:22:55Z,2026-03-16T14:29:02Z,CLOSED,39,MDEyOklzc3VlQ29tbWVudDEzOTAxMjAzNA==,https://github.com/scikit-learn/scikit-learn/issues/5212#issuecomment-139012034,glouppe,2015-09-09T19:05:38Z,2015-09-09T19:05:38Z,"Looking back at our implementation of GBRT, I realize that for most cases, when the loss is not the squared error loss, all values and statistics calculated at leaves are mostly calculated for nothing because they are anyway overridden by subsequent calls to in the loss functions. This is certainly something to investigate to make boosting faster, but it may require changes in the internal API of GBRT and trees.",1,415,en,neutral
64,https://github.com/colinhacks/zod,https://github.com/colinhacks/zod/issues/5204,I_kwDODqUnoM7J-ga7,2025-09-05T19:50:56Z,2026-05-19T09:51:24Z,CLOSED,17,IC_kwDODqUnoM7F-eq0,https://github.com/colinhacks/zod/issues/5204#issuecomment-3321490100,songkeys,2025-09-22T21:06:18Z,2025-09-22T21:06:18Z,"I'm still encountering this in zod 4.1.11. (checked with , all deduped to the same version) Unfortunaly I can't narrow down to a minimal reproduction.",1,150,en,neutral
65,https://github.com/sveltejs/svelte,https://github.com/sveltejs/svelte/issues/16490,I_kwDOBG2gSc7CSzzg,2025-07-24T12:21:36Z,2026-05-29T12:05:15Z,CLOSED,29,IC_kwDOBG2gSc7OwaLd,https://github.com/sveltejs/svelte/issues/16490#issuecomment-3468796637,sillvva,2025-10-30T16:08:48Z,2025-10-30T16:08:48Z,"Also <USER> <CODE> You can call functions with output in the markup. They'll be called each time their dependencies change, which in this example case is only once.",1,164,en,neutral
66,https://github.com/react/react,https://github.com/react/react/issues/34563,I_kwDOAJy2Ks7NRJPK,2025-09-23T06:04:09Z,2026-03-03T15:59:49Z,OPEN,6,IC_kwDOAJy2Ks7GUcZd,https://github.com/react/react/issues/34563#issuecomment-3327247965,Littledevil7,2025-09-24T08:43:24Z,2025-09-24T08:43:24Z,you can give the possible code snippet for better diagnosis.,1,60,en,neutral
67,https://github.com/ccxt/ccxt,https://github.com/ccxt/ccxt/issues/1952,MDU6SXNzdWUyOTgyMjE5Mzg=,2018-02-19T10:16:03Z,2026-02-27T07:32:55Z,CLOSED,49,IC_kwDOBXBrws41GSeQ,https://github.com/ccxt/ccxt/issues/1952#issuecomment-890840976,mangas,2021-08-02T08:37:59Z,2021-08-02T08:37:59Z,Do you have an example of the changes you're referring too? I will be able to contribute but I also need to understand the process. If you had a PR or some instructions with your overall approach would be very useful.,1,217,en,positive
68,https://github.com/gin-gonic/gin,https://github.com/gin-gonic/gin/issues/4462,I_kwDOAT759c7czeAJ,2025-12-08T03:23:25Z,2026-01-17T17:33:56Z,CLOSED,4,IC_kwDOAT759c7ddyKA,https://github.com/gin-gonic/gin/issues/4462#issuecomment-3715572352,raju-mechatronics,2026-01-06T17:15:13Z,2026-01-06T17:15:13Z,<USER> this will be fixed in the next release. Watch fix <URL>,1,62,en,positive
69,https://github.com/photoprism/photoprism,https://github.com/photoprism/photoprism/issues/4147,I_kwDOBxo-6c6Eqi2g,2024-04-04T14:55:50Z,2026-05-04T06:50:09Z,OPEN,8,IC_kwDOBxo-6c55cW1y,https://github.com/photoprism/photoprism/issues/4147#issuecomment-2037476722,dinoschachten,2024-04-04T15:09:39Z,2024-04-04T15:09:39Z,"Aaah, okay, sorry! Thanks a lot - continue to overlook these manual filters, my bad! If I recall correctly there are plans of incorporating those into the GUI, so the only question that remains is: Are there objections to including filenames in the default text search? I would say definitely (and change this issue accordingly), but I'm sure there are other valid considerations/opinions on this.",1,397,en,positive
70,https://github.com/juspay/hyperswitch,https://github.com/juspay/hyperswitch/issues/6005,I_kwDOIPQ9gM6XrkKQ,2024-09-24T08:54:47Z,2026-02-17T08:00:32Z,OPEN,8,IC_kwDOIPQ9gM6TEWCc,https://github.com/juspay/hyperswitch/issues/6005#issuecomment-2467389596,kashif-m,2024-11-11T07:06:15Z,2024-11-11T07:06:15Z,Hi <USER> - are you working on this?,1,36,en,negative
71,https://github.com/Textualize/rich,https://github.com/Textualize/rich/issues/3138,I_kwDODSlIsc5yQG1D,2023-09-28T06:48:39Z,2026-05-08T22:35:35Z,OPEN,5,IC_kwDODSlIsc6spNTC,https://github.com/Textualize/rich/issues/3138#issuecomment-2896483522,jfthuong,2025-05-21T03:56:40Z,2025-05-21T04:30:49Z,"<USER> It's great that you managed to make it work. On my side, it does not work though. I am on Windows 11 and I tried with cmd, Powersell, and msys (run from the Terminal) and all failed. ![Image](<URL> Same thing with Git Bash: ![Image](<URL> This is the code I use: <CODE> Any idea why? Note that I tried with (double quotes around the ) as well as (no double quotes). Without double quotes, the link does not raise any error but does not open anything either.",1,464,en,negative
72,https://github.com/rails/rails,https://github.com/rails/rails/issues/56641,I_kwDNIULO5BzO3g,2026-01-18T18:09:39Z,2026-01-20T15:50:41Z,CLOSED,5,IC_kwDNIULO4OyeLw,https://github.com/rails/rails/issues/56641#issuecomment-3773603375,zarembas,2026-01-20T15:50:40Z,2026-01-20T15:50:40Z,<USER> Thanks so much for looking into this and providing such a detailed explanation! Really appreciate you taking the time to investigate. I'll go ahead and close the issue.,1,175,en,positive
73,https://github.com/vitejs/vite,https://github.com/vitejs/vite/issues/2483,MDU6SXNzdWU4Mjk5MjkxNjk=,2021-03-12T09:32:53Z,2026-04-10T14:48:09Z,OPEN,35,IC_kwDOD1jqbs6Jm4H6,https://github.com/vitejs/vite/issues/2483#issuecomment-2308669946,hi-ogawa,2024-08-25T06:07:26Z,2024-08-25T06:07:26Z,"> For some reasin in vitest browser runner the usual plugin with to inject importmap script manually does not work. <USER> Can you raise an issue on Vitest? I think is not currently picked up by Vitest browser mode, but this might be a valid request. Btw, current alternative is probably <URL> which allows injecting arbitrary script on browser mode html.",1,355,en,neutral
74,https://github.com/langchain-ai/langchain,https://github.com/langchain-ai/langchain/issues/35585,I_kwDOIPDwls7wS_0q,2026-03-06T00:51:32Z,2026-04-16T13:06:35Z,CLOSED,7,IC_kwDOIPDwls7u_2iA,https://github.com/langchain-ai/langchain/issues/35585#issuecomment-4009715840,ashmaac,2026-03-06T05:40:19Z,2026-03-06T05:40:19Z,"Hi, I'd like to work on this! Could you assign it to me? I'm a Python developer looking to contribute.",1,102,en,positive
75,https://github.com/prisma/prisma,https://github.com/prisma/prisma/issues/13853,I_kwDOC3_Qic5L6Eca,2022-06-16T12:43:52Z,2026-05-15T17:54:46Z,OPEN,41,IC_kwDOC3_Qic7T5oXX,https://github.com/prisma/prisma/issues/13853#issuecomment-3555100119,joeyjiron06,2025-11-19T23:45:33Z,2026-05-15T17:54:46Z,"For anyone that is still experiencing this issue with , I created a script that more or less does the same thing as and uses the library to run the migrations, but does NOT have feature parity so USE IT AS YOUR OWN DISCRESSION There is a lot of setup needed to get this script to work with Azure DevOps which I describe in detail on my blog [here](<URL> Here's the code: <CODE>",1,377,en,neutral
76,https://github.com/photoprism/photoprism,https://github.com/photoprism/photoprism/issues/47,MDU6SXNzdWUzNzMzNzQyOTc=,2018-10-24T08:55:05Z,2026-03-05T09:31:38Z,OPEN,116,MDEyOklzc3VlQ29tbWVudDc1Mjk2NTk1OQ==,https://github.com/photoprism/photoprism/issues/47#issuecomment-752965959,skorokithakis,2020-12-31T14:02:19Z,2020-12-31T14:02:19Z,"Fair enough. Most of my friends use Postgres (as do I), and I don't think I know anyone who prefers MariaDB, but SQLite is a good second choice so I just went with that.",1,169,en,positive
77,https://github.com/remix-run/react-router,https://github.com/remix-run/react-router/issues/13828,I_kwDOAS86yM68Ldg1,2025-06-18T14:31:50Z,2026-03-18T15:11:31Z,CLOSED,4,IC_kwDOAS86yM6x-4ZB,https://github.com/remix-run/react-router/issues/13828#issuecomment-2986051137,timdorr,2025-06-18T23:40:03Z,2025-06-18T23:40:03Z,"This is definitely related to require(esm) being unflagged: <URL> I'm not 100% sure, but this may be a Vite bug? I can get working when setting . But there is the possibility we're loading something incorrectly during the startup of .",1,234,en,neutral
78,https://github.com/nwjs/nw.js,https://github.com/nwjs/nw.js/issues/8034,I_kwDOAC9N2c5fznGM,2023-03-02T19:22:40Z,2026-05-02T23:06:47Z,CLOSED,15,IC_kwDOAC9N2c5XqsxD,https://github.com/nwjs/nw.js/issues/8034#issuecomment-1470811203,ayushmanchhabra,2023-03-15T20:42:10Z,2023-03-15T20:42:10Z,Was able to reproduce. This only happens in Mixed Content: ![image](<URL> Let me investigate if this is a bug or intended behaviour.,1,132,en,neutral
79,https://github.com/RSSNext/Folo,https://github.com/RSSNext/Folo/issues/4116,I_kwDOLrNzL86_m1q6,2025-07-09T06:10:48Z,2026-04-10T03:06:33Z,CLOSED,4,IC_kwDOLrNzL8613neG,https://github.com/RSSNext/Folo/issues/4116#issuecomment-3051255686,github-actions,2025-07-09T06:11:01Z,2025-07-09T06:11:01Z,"> Bot detected the issue body's language is not English, translate it automatically. 👯👭🏻🧑‍🤝‍🧑👫🧑🏿‍🤝‍🧑🏻👩🏾‍🤝‍👨🏿👬🏿 ---- <p><a href=""<URL> cancel invalid subscription"">FOL-2274 Cannot cancel invalid subscription</a></p>",1,214,en,neutral
80,https://github.com/ChrisTitusTech/winutil,https://github.com/ChrisTitusTech/winutil/issues/3897,I_kwDOHP4oZM7igg5Z,2026-01-10T18:19:20Z,2026-02-15T20:25:56Z,CLOSED,6,IC_kwDOHP4oZM7eqeIM,https://github.com/ChrisTitusTech/winutil/issues/3897#issuecomment-3735675404,,2026-01-11T20:16:23Z,2026-01-11T20:16:23Z,<USER> what im just saying not alot of people well want to run that tweak and i dont see chris accepting a pull request like that,1,129,en,negative
81,https://github.com/prisma/prisma,https://github.com/prisma/prisma/issues/5006,MDU6SXNzdWU3ODUyNTkxODY=,2019-09-13T19:58:21Z,2026-03-03T14:38:49Z,OPEN,90,MDEyOklzc3VlQ29tbWVudDU1NzE1MjAxMQ==,https://github.com/prisma/prisma/issues/5006#issuecomment-557152011,pantharshit00,2019-11-21T16:02:59Z,2019-11-21T16:02:59Z,"I am able to reproduce this now. ![image](<URL> To reproduce you need to execute in your mysql instance than you need to query any date field set to I am not sure we will support it though, MySQL docs say this feature is deprecated.",1,232,en,neutral
82,https://github.com/microsoft/terminal,https://github.com/microsoft/terminal/issues/13388,I_kwDOBfbO8M5Mo_iM,2022-06-27T13:30:41Z,2026-05-15T10:17:58Z,OPEN,200,IC_kwDOBfbO8M5SZixo,https://github.com/microsoft/terminal/issues/13388#issuecomment-1382427752,zadjii-msft,2023-01-13T21:45:59Z,2023-01-13T21:45:59Z,"Alternatively, it could be because some CLI process it calling , though, that would probably be more obviously related to whatever's running in the console when the bug occurs. I honestly have no idea if the Docker thing is necessarily related. I know there's been a lot of issues in the past with WSLg starting up and stealing focus. Docker does have some WSL distros that they use behind the scenes, so maybe that's complicating things. That however wouldn't explain why our ""manually focus the Terminal when our hidden hwnd gets WM_ACTIVATE'd"" seems to steal focus after some time.",1,584,en,neutral
83,https://github.com/react/react-native,https://github.com/react/react-native/issues/29978,MDU6SXNzdWU3MDQ2MTU3MzE=,2020-09-18T19:48:41Z,2026-03-24T06:16:54Z,OPEN,117,MDEyOklzc3VlQ29tbWVudDcwNDY3NzYzNQ==,https://github.com/react/react-native/issues/29978#issuecomment-704677635,afkcodes,2020-10-07T04:03:08Z,2020-10-07T04:03:08Z,<USER> this actually happened twice when i was not using hermes.,1,64,en,neutral
84,https://github.com/open-webui/open-webui,https://github.com/open-webui/open-webui/issues/21164,I_kwDOKdDCc87oUkui,2026-02-04T17:50:52Z,2026-05-11T19:44:45Z,CLOSED,36,IC_kwDOKdDCc87mGhPE,https://github.com/open-webui/open-webui/issues/21164#issuecomment-3860468676,Classic298,2026-02-06T13:28:02Z,2026-02-06T13:28:02Z,"hm i dont think we should have exclusions there? If i attach a document, no matter if a note or file or knowledge base and no matter if full context or not, the access control should limit the model to only what is attached to the model - no matter if full context or not and if nothing is attached - then the same access controls of the user that queries the model are applied. This is how i see it. Tim MIGHT see it differently, but i think we should aim for consistency.",1,473,en,negative
85,https://github.com/outline/outline,https://github.com/outline/outline/issues/6930,I_kwDOA4rpZM6JkX5l,2024-05-21T10:58:43Z,2026-01-06T00:58:48Z,CLOSED,10,IC_kwDOA4rpZM6Bxjvp,https://github.com/outline/outline/issues/6930#issuecomment-2177252329,hmacr,2024-06-18T23:33:34Z,2024-06-18T23:33:34Z,This is interesting. <USER> Shall I take it up?,1,47,en,positive
86,https://github.com/moby/moby,https://github.com/moby/moby/issues/38175,MDU6SXNzdWUzNzk0NTc3NjM=,2018-11-10T20:16:50Z,2025-12-15T12:57:03Z,CLOSED,109,MDEyOklzc3VlQ29tbWVudDQ2NDkxNjM2Mw==,https://github.com/moby/moby/issues/38175#issuecomment-464916363,thaJeztah,2019-02-18T23:06:35Z,2019-02-18T23:06:35Z,"To all here; please do not install 18.06.1, as it does not have the patch for the runc CVE that allows container escapes; install 18.06.2 instead",1,145,en,neutral
87,https://github.com/strapi/strapi,https://github.com/strapi/strapi/issues/24513,I_kwDOApbc-87PyU_d,2025-10-06T07:49:57Z,2026-05-25T10:29:57Z,OPEN,6,IC_kwDOApbc-87JWhRk,https://github.com/strapi/strapi/issues/24513#issuecomment-3378123876,laurenskling,2025-10-07T18:36:28Z,2025-10-07T18:40:02Z,"I don't understand what is happening at 0:19 in your video. Why does it jump to that ""(draft) 5 reasons why.."" content? Also, when i relate to DP content, the draft/modified/published labels are shown in the dropdown options..",1,226,en,negative
88,https://github.com/mudler/LocalAI,https://github.com/mudler/LocalAI/issues/9082,I_kwDOJLVrdc70zfvn,2026-03-20T10:42:27Z,2026-05-22T16:39:10Z,OPEN,5,IC_kwDOJLVrdc8AAAABDXRs-Q,https://github.com/mudler/LocalAI/issues/9082#issuecomment-4520701177,K4r0qtuYNE5G4qgZ,2026-05-22T16:39:10Z,2026-05-22T16:39:10Z,"Same issue <CODE> Additionally reinstalling diffusers backend with the option ""Reinstall Backend, installs cuda12-diffusers instead cuda-13-diffusers that are installed and ends with having both installed and mixed up.",1,218,en,neutral
89,https://github.com/hiyouga/LlamaFactory,https://github.com/hiyouga/LlamaFactory/issues/8063,I_kwDOJodxvs62q3wI,2025-05-15T02:19:38Z,2025-12-16T18:18:26Z,CLOSED,9,IC_kwDOJodxvs7TwCH-,https://github.com/hiyouga/LlamaFactory/issues/8063#issuecomment-3552584190,LxzGordon,2025-11-19T13:02:41Z,2025-11-19T13:02:41Z,Switching to corresponding template works for me.,1,49,en,neutral
90,https://github.com/home-assistant/core,https://github.com/home-assistant/core/issues/152714,I_kwDOAMSroc7M8d2A,2025-09-21T16:46:06Z,2026-06-11T23:35:56Z,CLOSED,12,IC_kwDOAMSroc7dxSnl,https://github.com/home-assistant/core/issues/152714#issuecomment-3720686053,nickjossy,2026-01-07T20:37:43Z,2026-01-07T20:37:43Z,I have two of these plugs and both are experiencing this same issue. Turning off the plug completely for a few seconds and then turning it back on seems to be the only reliable way to reset it. I’m using ZHA and the new HA 2026.1.0.,1,232,en,neutral
91,https://github.com/cypress-io/cypress,https://github.com/cypress-io/cypress/issues/22132,I_kwDOAeKht85LOhNN,2022-06-06T16:50:40Z,2025-12-18T10:44:46Z,CLOSED,20,IC_kwDOAeKht85EZ-7U,https://github.com/cypress-io/cypress/issues/22132#issuecomment-1147662036,sync-by-unito,2022-06-06T16:50:43Z,2022-06-06T16:50:43Z,➤ Zach Bloomquist commented: Possibly this is <URL>,1,51,en,neutral
92,https://github.com/rails/rails,https://github.com/rails/rails/issues/56576,I_kwDNIULO4pGPTQ,2026-01-11T12:22:39Z,2026-01-12T20:32:32Z,CLOSED,3,IC_kwDNIULO3vGisg,https://github.com/rails/rails/issues/56576#issuecomment-3740377778,byroot,2026-01-12T20:32:32Z,2026-01-12T20:32:32Z,"We're not taking feature requests in issues, but PR welcome.",1,60,en,neutral
93,https://github.com/ant-design/ant-design,https://github.com/ant-design/ant-design/issues/12817,MDU6SXNzdWUzNzM1OTcxNjM=,2018-10-24T17:37:52Z,2026-06-09T07:23:37Z,CLOSED,10,MDEyOklzc3VlQ29tbWVudDUxMjgyOTk5Mg==,https://github.com/ant-design/ant-design/issues/12817#issuecomment-512829992,afc163,2019-07-18T14:04:45Z,2019-07-18T14:04:45Z,Transfer supports Table now: <URL> that you can try to customize with.,1,70,en,positive
94,https://github.com/firecrawl/firecrawl,https://github.com/firecrawl/firecrawl/issues/668,I_kwDOLunVBs6WouKJ,2024-09-15T23:25:54Z,2026-05-22T21:29:08Z,CLOSED,3,IC_kwDOLunVBs8AAAABDZTErA,https://github.com/firecrawl/firecrawl/issues/668#issuecomment-4522820780,mogery,2026-05-22T21:29:08Z,2026-05-22T21:29:08Z,.NET SDK is here: <URL>,1,23,en,neutral
95,https://github.com/etcd-io/etcd,https://github.com/etcd-io/etcd/issues/21740,I_kwDOAKtHts8AAAABB5I_bA,2026-05-11T15:16:29Z,2026-05-27T06:36:26Z,OPEN,7,IC_kwDOAKtHts8AAAABCk73Nw,https://github.com/etcd-io/etcd/issues/21740#issuecomment-4467914551,puneetdixit200,2026-05-16T19:40:10Z,2026-05-16T19:40:10Z,"I’d like to work on this. I can reproduce learner defrag behavior, add coverage for learner-member defragmentation, and patch the path that blocks cleanup or leaves storage bloat unresolved. Please assign this to me",1,215,en,neutral
96,https://github.com/rclone/rclone,https://github.com/rclone/rclone/issues/7864,I_kwDOAQ-n5M6J4KVZ,2024-05-23T15:20:20Z,2026-05-25T16:51:42Z,CLOSED,24,IC_kwDOAQ-n5M6VS8K8,https://github.com/rclone/rclone/issues/7864#issuecomment-2504770236,LivingUserError,2024-11-27T21:07:12Z,2024-11-27T21:09:08Z,"I use some fish scripts that backup and restore the config as needed atm: <CODE> <CODE> Usage: <CODE> Adjust paths as needed. Note that this will only work on Linux (or with WSL, Cygwin) and if you have [fish shell](<URL> installed. If you do, you should be able to execute such a script like any other.",1,303,en,neutral
97,https://github.com/nushell/nushell,https://github.com/nushell/nushell/issues/18272,I_kwDOCxaBas8AAAABDMC3RA,2026-05-23T16:38:22Z,2026-06-02T16:27:23Z,CLOSED,16,IC_kwDOCxaBas8AAAABElY_1g,https://github.com/nushell/nushell/issues/18272#issuecomment-4602609622,ClementNerma,2026-06-02T12:58:26Z,2026-06-02T12:58:58Z,"> > I'm not sure what you mean by that ""push-down"" in this context? > > Some nushell commands ""understand"" sql, and can use sql queries to speed up operations. try > > <CODE> I see, I thought returned a table directly instead of a database, but indeed looking at it it returns an . That explains why took so much time. Thanks for clarifying that :)",1,348,en,positive
98,https://github.com/docker/compose,https://github.com/docker/compose/issues/13348,I_kwDOAOWUd87VsD2B,2025-11-04T07:30:51Z,2026-05-24T12:18:48Z,OPEN,36,IC_kwDOAOWUd87STD3O,https://github.com/docker/compose/issues/13348#issuecomment-3528211918,robmry,2025-11-13T14:59:34Z,2025-11-13T14:59:34Z,"Thanks <USER>, > Processes report an errno = -11 when that happens. Any idea what system call is returning that errno? > The Issues seem to not be exclusively DNS related: [...], and DB does not attempt to resolve clients (explicitly set in config), but also seems to come into a bad state. What is that bad state / what's not working apart from DNS? Have you managed to collect any container/network inspect outputs or daemon logs?",1,432,en,neutral
99,https://github.com/x64dbg/x64dbg,https://github.com/x64dbg/x64dbg/issues/1937,MDU6SXNzdWUzMTc0NzY5NDI=,2018-04-25T04:44:26Z,2026-05-18T19:48:40Z,CLOSED,5,MDEyOklzc3VlQ29tbWVudDM4NDMzMjUwMg==,https://github.com/x64dbg/x64dbg/issues/1937#issuecomment-384332502,torusrxxx,2018-04-25T15:38:22Z,2018-04-25T15:38:22Z,"Doing this would also mean assemblers should support such notation. However, this is not the case. So, this feature is probably not suitable for x64dbg.",1,152,en,neutral
100,https://github.com/prisma/prisma,https://github.com/prisma/prisma/issues/12504,I_kwDOC3_Qic5GS8us,2022-03-24T11:20:08Z,2025-12-25T18:23:29Z,OPEN,94,IC_kwDOC3_Qic5idrJ2,https://github.com/prisma/prisma/issues/12504#issuecomment-1651946102,jharrell,2023-07-26T14:38:57Z,2023-07-26T14:38:57Z,"<USER> not a problem at all, thank you for your help!",1,53,en,positive